{
    "square_mm": 20.0,
    "board": [
        9,
        6
    ],
    "dx_mm": 0.0,
    "dy_mm": 110.0,
    "reprojection_error_px": 1.949732299992197,
    "rvec": [
        -0.6132059882798776,
        0.4868780173153251,
        1.428835159116064
    ],
    "tvec_mm": [
        54.7834138726243,
        -51.554713616219345,
        717.215363800806
    ],
    "R_world2cam": [
        [
            0.09145255551861346,
            -0.9945006060236293,
            -0.05103895284730203
        ],
        [
            0.7564154969005393,
            0.036040908980842196,
            0.6530977330603323
        ],
        [
            -0.6476666010671117,
            -0.09833411157105576,
            0.7555517033027628
        ]
    ],
    "T_world2cam": [
        [
            0.09145255551861346,
            -0.9945006060236293,
            -0.05103895284730203,
            54.7834138726243
        ],
        [
            0.7564154969005393,
            0.036040908980842196,
            0.6530977330603323,
            -51.554713616219345
        ],
        [
            -0.6476666010671117,
            -0.09833411157105576,
            0.7555517033027628,
            717.215363800806
        ],
        [
            0.0,
            0.0,
            0.0,
            1.0
        ]
    ],
    "T_cam2world": [
        [
            0.09145255551861346,
            0.7564154969005393,
            -0.6476666010671117,
            498.5031380248722
        ],
        [
            -0.9945006060236293,
            0.036040908980842196,
            -0.09833411157105576,
            126.86695264180753
        ],
        [
            -0.05103895284730203,
            0.6530977330603323,
            0.7555517033027628,
            -505.42693508582306
        ],
        [
            0.0,
            0.0,
            0.0,
            1.0
        ]
    ],
    "camera_position_robot_frame_mm": [
        498.5031380248722,
        126.86695264180753,
        -505.42693508582306
    ]
}
