{
  "corners_xy": [
    [
      21.266002844950215,
      200.4665718349929
    ],
    [
      27.220483641536273,
      14.601706970128022
    ],
    [
      264.5490753911807,
      10.34850640113798
    ],
    [
      272.2048364153627,
      200.4665718349929
    ]
  ],
  "center_xy": [
    146.31009957325747,
    106.47083926031294
  ],
  "width_px": 188.11618346983147,
  "height_px": 244.15276668837237,
  "angle_deg": -88.16506485646947,
  "confidence": 1,
  "origin_xy": [
    180.38842975206612,
    137.53443526170798
  ],
  "calibration_source": "manual",
  "units": "mm",
  "plane_width": 280,
  "plane_height": 200,
  "tag_inset_mm": 25,
  "gripper_tip_set": true
}