{
  "corners_xy": [
    [21.415977961432507, 181.1900826446281],
    [60.129476584022036, 36.22038567493114],
    [242.16528925619832, 34.1611570247934],
    [270.58264462809916, 170.0702479338843]
  ],
  "center_xy": [148.573347107438, 105.41046831955924],
  "width_px": 144.4490172070461,
  "height_px": 215.7310656528827,
  "angle_deg": -75.04832264607566,
  "confidence": 1,
  "origin_xy": [180.38842975206612, 137.53443526170798],
  "calibration_source": "manual",
  "units": "mm",
  "plane_width": 280,
  "plane_height": 200,
  "tag_inset_mm": 25,
  "gripper_tip_set": true
}
