{
  "bus_serial": "5B61037157",
  "arm_type": "elrobot",
  "units": "mm",
  "planning_mode": "static_hardcoded",
  "coordinate_frame": "board_center",
  "home_joint_positions": {
    "1": 0.477713,
    "2": -0.221065,
    "3": 1.006309,
    "4": 0.592241,
    "5": 0.400235,
    "6": 0.782547,
    "7": 0.522599
  },
  "home_tip_offset_mm": [
    -92.7,
    3.2
  ],
  "reference_pick_joint_positions": {
    "1": 0.5533,
    "2": 0.8377,
    "3": 0.5661,
    "4": 0.4003,
    "5": 0.4669,
    "6": 0.8688,
    "7": 0.2392
  },
  "fixed_pick_joint_positions": {
    "1": 0.5533,
    "2": 0.8377,
    "3": 0.5661,
    "4": 0.4003,
    "5": 0.4669,
    "6": 0.8688,
    "7": 0.2392
  },
  "reference_offset_mm": [
    46.4,
    -1.3
  ],
  "reference_distance_mm": 46.42,
  "reference_board_xy": [
    0.7017,
    0.4913
  ],
  "calibration_samples": [
    {
      "label": "home_tip",
      "board_xy": [
        0.097,
        0.5213
      ],
      "offset_mm": [
        -92.7,
        3.2
      ],
      "pick_joint_positions": {
        "1": 0.477713,
        "2": -0.221065,
        "3": 1.006309,
        "4": 0.592241,
        "5": 0.400235,
        "6": 0.782547,
        "7": 0.522599
      },
      "motor_steps": {
        "1": 2002,
        "2": 802,
        "3": 2690,
        "4": 2262,
        "5": 1709,
        "6": 2647,
        "7": 2136
      }
    },
    {
      "label": "square_8",
      "square_id": 8,
      "board_xy": [
        0.5,
        0.5
      ],
      "offset_mm": [
        41.1,
        -21.5
      ],
      "pick_joint_positions": {
        "1": 0.534884,
        "2": 0.097801,
        "3": 1.661672,
        "4": 0.300431,
        "5": 0.401413,
        "6": 0.908019,
        "7": 0.260914
      },
      "gripper_pick": 0.975496,
      "motor_steps": {
        "1": 2120,
        "2": 1353,
        "3": 3521,
        "4": 1585,
        "5": 1713,
        "6": 2913,
        "7": 1117
      },
      "gripper_steps": 2863
    },
    {
      "label": "square_9",
      "square_id": 9,
      "board_xy": [
        0.7,
        0.5
      ],
      "offset_mm": [
        48.8,
        0.2
      ],
      "pick_joint_positions": {
        "1": 0.534884,
        "2": 0.418403,
        "3": 1.317035,
        "4": 0.257328,
        "5": 0.423484,
        "6": 0.897642,
        "7": 0.260914
      },
      "gripper_pick": 0.975496,
      "motor_steps": {
        "1": 2120,
        "2": 1907,
        "3": 3084,
        "4": 1485,
        "5": 1788,
        "6": 2891,
        "7": 1117
      },
      "gripper_steps": 2863
    },
    {
      "label": "square_14",
      "square_id": 14,
      "board_xy": [
        0.7,
        0.8333
      ],
      "offset_mm": [
        46.4,
        44.9
      ],
      "pick_joint_positions": {
        "1": 0.282946,
        "2": 0.350116,
        "3": 1.582808,
        "4": 0.14569,
        "5": 0.401707,
        "6": 0.939623,
        "7": 0.392399
      },
      "gripper_pick": 0.974912,
      "motor_steps": {
        "1": 1600,
        "2": 1789,
        "3": 3421,
        "4": 1226,
        "5": 1714,
        "6": 2980,
        "7": 1629
      },
      "gripper_steps": 2862
    },
    {
      "label": "square_15",
      "square_id": 15,
      "board_xy": [
        0.9,
        0.8333
      ],
      "offset_mm": [
        83.7,
        54.1
      ],
      "pick_joint_positions": {
        "1": 0.343508,
        "2": 0.508681,
        "3": 1.363565,
        "4": 0.14181,
        "5": 0.402884,
        "6": 0.908962,
        "7": 0.347458
      },
      "gripper_pick": 0.975496,
      "motor_steps": {
        "1": 1725,
        "2": 2063,
        "3": 3143,
        "4": 1217,
        "5": 1718,
        "6": 2915,
        "7": 1454
      },
      "gripper_steps": 2863
    },
    {
      "label": "square_10",
      "square_id": 10,
      "board_xy": [
        0.9,
        0.5
      ],
      "offset_mm": [
        96.3,
        0.6
      ],
      "pick_joint_positions": {
        "1": 0.5484,
        "2": 1.1343,
        "3": 0.3977,
        "4": 0.258,
        "5": 0.4948,
        "6": 0.955,
        "7": 0.267
      },
      "gripper_pick": 0.4694
    },
    {
      "label": "square_14_closed",
      "board_xy": [
        0.5305,
        0.9858
      ],
      "offset_mm": [
        48.1,
        51.4
      ],
      "pick_joint_positions": {
        "1": 0.3813,
        "2": 0.8859,
        "3": 0.6705,
        "4": 0.2289,
        "5": 0.4909,
        "6": 0.8968,
        "7": 0.3414
      },
      "gripper_pick": 0.4935
    },
    {
      "label": "reference_pick",
      "board_xy": [
        0.5232,
        0.6345
      ],
      "offset_mm": [
        46.4,
        -1.3
      ],
      "pick_joint_positions": {
        "1": 0.5717,
        "2": 0.869,
        "3": 0.5648,
        "4": 0.3547,
        "5": 0.4858,
        "6": 0.8892,
        "7": 0.2243
      },
      "gripper_pick": 0.5153
    }
  ],
  "pick_scales": {
    "1": {
      "dx": -0.000347,
      "dy": -0.002539
    },
    "2": {
      "dx": 0.006765,
      "dy": 0.009756
    },
    "3": {
      "dx": -0.003791,
      "dy": -0.004367
    },
    "4": {
      "dx": 0.000428,
      "dy": -0.000223
    },
    "5": {
      "dx": -0.000374,
      "dy": 0.000102
    },
    "6": {
      "dx": 0.002846,
      "dy": 0.002229
    },
    "7": {
      "dx": -0.002142,
      "dy": -0.000204
    }
  },
  "gripper_home": 0.972579,
  "gripper_pick": null,
  "gripper_close_at_pick": true,
  "workspace": {
    "corners_xy": [
      [
        21.266002844950215,
        200.4665718349929
      ],
      [
        27.220483641536273,
        14.601706970128022
      ],
      [
        264.5490753911807,
        10.34850640113798
      ],
      [
        272.2048364153627,
        200.4665718349929
      ]
    ],
    "center_xy": [
      146.31009957325747,
      106.47083926031294
    ],
    "width_px": 188.11618346983147,
    "height_px": 244.15276668837237,
    "angle_deg": -88.16506485646947,
    "confidence": 1,
    "origin_xy": [
      180.38842975206612,
      137.53443526170798
    ],
    "calibration_source": "manual",
    "units": "mm",
    "plane_width": 280,
    "plane_height": 200,
    "tag_inset_mm": 25,
    "gripper_tip_set": true
  },
  "note": "Static hardcoded poses from live motor dumps (2026-06-21). Squares 8/9/14/15 use exact motor_steps \u2014 no vision interpolation."
}
